mode,n_docs,mean_loss,ppl_approx,peak_memory_mb,mean_forward_s
baseline,4,2.57421875,13.121062323276538,19801.796875,3.7798628211021423
merged,4,2.5703125,13.069908149118522,19802.296875,3.641814708709717
