mode,n_docs,mean_loss,ppl_approx,peak_memory_mb,mean_forward_s
baseline,4,1.71875,5.57755216479126,19804.046875,0.8499525785446167
merged,4,1.59765625,4.941437347938466,19803.546875,0.7460141777992249
